<?xml version="1.0" encoding="UTF-8"?>
<project-private xmlns="http://www.netbeans.org/ns/project-private/1">
    <editor-bookmarks xmlns="http://www.netbeans.org/ns/editor-bookmarks/2" lastBookmarkId="0"/>
    <open-files xmlns="http://www.netbeans.org/ns/projectui-open-files/2">
        <group>
            <file>file:/D:/JAVA333/Nhom3_DuAn_code/src/View/khachhangView.java</file>
            <file>file:/D:/JAVA333/Nhom3_DuAn_code/src/Model/khachhangModel.java</file>
            <file>file:/D:/JAVA333/Nhom3_DuAn_code/src/Sevices/sanphamSevices.java</file>
            <file>file:/D:/JAVA333/Nhom3_DuAn_code/src/Model/sanphamModel.java</file>
            <file>file:/D:/JAVA333/Nhom3_DuAn_code/src/Sevices/khachhangSevices.java</file>
            <file>file:/D:/JAVA333/Nhom3_DuAn_code/src/View/sanphamView.java</file>
            <file>file:/D:/JAVA333/Nhom3_DuAn_code/src/DAO/KhachhangDAO.java</file>
        </group>
    </open-files>
</project-private>
